timestamp,value
1222819200,-0.36635894588091644
1222840800,-0.3941077801118832
1222862400,0.4036246025342055
1222884000,-0.36275905932000696
1222905600,-0.3707464936807424
1222927200,-0.37811091689967036
1222948800,-0.3671704985515356
1222970400,1.0
1222992000,-0.29127058849989496
1223013600,1.0
1223035200,-0.3700335441714475
1223056800,0.4036246025342055
1223078400,-0.33706243948409753
1223100000,-0.2963764429598228
1223121600,-0.1654087292857716
1223143200,-0.2879554023648645
1223164800,0.4036246025342055
1223186400,-0.34724412433440244
1223208000,-0.3422248474968297
1223229600,-0.3103583301024543
1223251200,-0.39173470389502607
1223272800,0.4036246025342055
1223294400,-0.38723365526891906
1223316000,-0.3492021714996313
1223337600,-0.18030015069269917
1223359200,-0.37895706570130916
1223380800,0.4036246025342055
1223402400,-0.37755090590410756
1223424000,-0.3633598484915376
1223445600,0.4036246025342055
1223467200,-0.3030501386397325
1223488800,0.02831536455580863
1223510400,1.0
1223532000,-0.3404494474132054
1223553600,-0.3819052866942424
1223575200,1.0
1223596800,-0.39084959954199416
1223618400,1.0
1223640000,0.4036246025342055
1223661600,-0.3020863345038769
1223683200,-0.2086948677361692
1223704800,-0.39076953605192777
1223726400,-0.3499861397823213
1223748000,0.4036246025342055
1223769600,-0.36050952936803193
1223791200,-0.39662559410081355
1223812800,-0.3756160357226893
1223834400,-0.3805998564972446
1223856000,-0.37804073779202374
1223877600,-0.3960322094391381
1223899200,0.4036246025342055
1223920800,-0.39569476124995306
1223942400,-0.3637826344089523
1223964000,-0.3624003705309119
1223985600,-0.39645568350410554
1224007200,0.4036246025342055
1224028800,-0.3753427612331005
1224050400,-0.3936119947047131
1224072000,-0.3648783685330166
1224093600,-0.3608612554232211
1224115200,-0.35152008670369983
1224136800,0.4036246025342055
1224158400,-0.36275905932000696
1224180000,-0.3735850686344808
1224201600,-0.3734511765077866
1224223200,-0.35975181972574444
1224244800,1.0
1224266400,0.4036246025342055
1224288000,1.0
1224309600,-0.36580106771652143
1224331200,-0.3553262404824663
1224352800,1.0
1224374400,-0.36919769321811513
1224396000,0.4036246025342055
1224417600,-0.3739878616885549
1224439200,-0.3764405266990344
1224460800,-0.3708115688528867
1224482400,-0.3715959083116479
1224504000,0.4036246025342055
1224525600,-0.3704217735264749
1224547200,-0.3950233794649176
1224568800,-0.359868004443055
1224590400,-0.3495672320464944
1224612000,-0.39344729653620236
1224633600,-0.34724412433440244
1224655200,-0.34049700480933376
1224676800,-0.35345880793763407
1224698400,-0.3633598484915376
1224720000,-0.3708766878762284
1224741600,0.4036246025342055
1224763200,-0.3818322983018133
1224784800,-0.378533065195231
1224806400,-0.3680521682565635
1224828000,-0.341934719802352
1224849600,0.4036246025342055
1224871200,-0.33479386988598847
1224892800,-0.39611675592483075
1224914400,-0.3325773363166107
1224936000,1.0
1224957600,-0.3379849918556376
1224979200,1.0
1225000800,-0.34946278823521193
1225022400,-0.37232052172501595
1225044000,1.0
1225065600,-0.24757408369459544
1225087200,-0.3013221529112794
1225108800,-0.31834037281135485
1225130400,-0.33947964323768687
1225152000,0.4036246025342055
1225173600,-0.36773636200497384
1225195200,-0.014337210990474747
1225216800,-0.16572005889455205
1225238400,-0.3550493445137013
1225260000,1.0
1225281600,-0.3025349138165647
1225303200,-0.35444295182413277
1225324800,-0.36518495707374976
1225346400,-0.39611675592483075
1225368000,0.4036246025342055
1225389600,-0.3712683262115808
1225411200,-0.3686232333739847
1225432800,-0.3512538699320815
1225454400,-0.18574485735224416
1225476000,-0.3566102815694817
1225497600,-0.3498812424835738
1225519200,-0.38249118694739614
1225540800,1.0
1225562400,-0.33205284858689366
1225584000,-0.3512538699320815
1225605600,1.0
1225627200,-0.35510466027192755
1225648800,0.4036246025342055
1225670400,-0.3902905431159578
1225692000,-0.34801230506451664
1225713600,-0.3472951468419144
1225735200,-0.35471811324860103
1225756800,0.4036246025342055
1225778400,-0.35152008670369983
1225800000,-0.34796090260214396
1225821600,-0.3489422557243793
1225843200,0.4036246025342055
1225864800,-0.35975181972574444
1225886400,-0.36773636200497384
1225908000,-0.3723866658939109
1225929600,-0.3683055584429944
1225951200,-0.3715959083116479
1225972800,-0.3967958039677718
1225994400,0.4036246025342055
1226016000,-0.3596357745277917
1226037600,-0.3564418272090176
1226059200,-0.36156857149572474
1226080800,-0.39485626031045773
1226102400,0.4036246025342055
1226124000,-0.3591152887436222
1226145600,-0.35825399403160996
1226167200,-0.3618054986802526
1226188800,-0.39303677498858025
1226210400,1.0
1226232000,0.4036246025342055
1226253600,1.0
1226275200,-0.3847957080291238
1226296800,-0.3713992258279145
1226318400,1.0
1226340000,-0.3636012139045126
1226361600,0.4036246025342055
1226383200,-0.37113760366613835
1226404800,-0.37311725555707553
1226426400,-0.3699689906440087
1226448000,-0.3876202022922455
1226469600,-0.3687505963274881
1226491200,0.4036246025342055
1226512800,-0.36275905932000696
1226534400,-0.3735180993823326
1226556000,-0.37811091689967036
1226577600,0.4036246025342055
1226599200,-0.37365208432855535
1226620800,-0.35825399403160996
1226642400,-0.35067076180147894
1226664000,-0.3492021714996313
1226685600,-0.39165390403498224
1226707200,-0.3599843290156113
1226728800,0.4036246025342055
1226750400,-0.3542233854087845
1226772000,-0.3715303029954946
1226793600,-0.39569476124995306
1226815200,-0.35825399403160996
1226836800,0.4036246025342055
1226858400,-0.3390100765850069
1226880000,-0.3275394810044575
1226901600,1.0
1226923200,-0.39385956946091627
1226944800,-0.3446274038765208
1226966400,1.0
1226988000,-0.3468877190890687
1227009600,1.0
1227031200,-0.3476018489041174
1227052800,-0.39385956946091627
1227074400,0.4036246025342055
1227096000,-0.30593404989839923
1227117600,-0.3137606309653934
1227139200,-0.3243479729573847
1227160800,0.4036246025342055
1227182400,-0.35808265244951953
1227204000,-0.3640250594391483
1227225600,-0.2615596669450724
1227247200,1.0
1227268800,0.4036246025342055
1227290400,1.0
1227312000,0.10959536601270786
1227333600,-0.36311908442558993
1227355200,-0.3497764589254815
1227376800,0.4036246025342055
1227398400,-0.39141190901624545
1227420000,-0.283528935534314
1227441600,-0.33266502836163236
1227463200,-0.34472674762927646
1227484800,-0.3686232333739847
1227506400,-0.3953584873065147
1227528000,-0.36932581604362125
1227549600,0.4036246025342055
1227571200,-0.378533065195231
1227592800,1.0
1227614400,-0.33275280005429875
1227636000,1.0
1227657600,0.4036246025342055
1227679200,-0.39092972941970505
1227700800,-0.3063340641031571
1227722400,-0.3415492328709101
1227744000,-0.30815490577960547
1227765600,-0.3194052499996639
1227787200,-0.3385427805729805
1227808800,-0.3686868938683703
1227830400,-0.3634804558419604
1227852000,0.4036246025342055
1227873600,-0.3841957115220541
1227895200,-0.36773636200497384
1227916800,-0.3686868938683703
1227938400,-0.3784625789579833
1227960000,-0.36798892438847985
1227981600,-0.3621619821843485
1228003200,-0.3433451435216025
1228024800,-0.37022746388932803
1228046400,-0.34982883650236396
1228068000,-0.3829329551543692
1228089600,-0.3185675750170689
1228111200,0.4036246025342055
1228132800,-0.370292190366619
1228154400,-0.3763715498031849
1228176000,1.0
1228197600,-0.39173470389502607
1228219200,-0.3741224999924413
1228240800,1.0
1228262400,-0.35400431673580735
1228284000,1.0
1228305600,-0.38154089475802533
1228327200,-0.3684325031272361
1228348800,0.4036246025342055
1228370400,-0.3738534107075865
1228392000,-0.35723047208602277
1228413600,-0.3716615581966338
1228435200,-0.3840462926643269
1228456800,-0.36990448020971545
1228478400,0.4036246025342055
1228500000,-0.3050729913224005
1228521600,-0.30006179429629287
1228543200,-0.35593821886437094
1228564800,-0.3640250594391483
1228586400,-0.3594041013524458
1228608000,0.4036246025342055
1228629600,-0.35865497646163014
1228651200,-0.3514667846466494
1228672800,-0.3517335894185094
1228694400,-0.3554927596971026
1228716000,-0.3541685716654077
1228737600,0.4036246025342055
1228759200,-0.32071429205496627
1228780800,-0.31448477543282494
1228802400,-0.32955719592775146
1228824000,0.4036246025342055
1228845600,-0.35313297466356464
1228867200,-0.34878664115454894
1228888800,-0.3950233794649176
1228910400,-0.3492542386490495
1228932000,1.0
1228953600,-0.32829119580861
1228975200,-0.3927912965492577
1228996800,1.0
1229018400,1.0
1229040000,-0.3484761617646388
1229061600,-0.3637826344089523
1229083200,-0.3700335441714475
1229104800,-0.3723866658939109
1229126400,-0.37595871915619405
1229148000,-0.3950233794649176
1229169600,-0.3649396084761196
1229191200,-0.30415419813442335
1229212800,-0.26980397695364344
1229234400,0.4036246025342055
1229256000,-0.39303677498858025
1229277600,-0.046551153305965376
1229299200,-0.06145381244501291
1229320800,-0.1545981133317712
1229342400,0.4036246025342055
1229364000,0.008123459142078737
1229385600,-0.3445281621456089
1229407200,-0.3570609341004637
1229428800,-0.24295793739954574
1229450400,0.4036246025342055
1229472000,-0.3548283975709644
1229493600,-0.36246005961680117
1229515200,-0.3607438711063493
1229536800,1.0
1229558400,0.4036246025342055
1229580000,-0.39021094127703926
1229601600,1.0
1229623200,-0.3086326301909743
1229644800,-0.34668464756284123
1229666400,-0.3886325210988769
1229688000,-0.3026634627240905
1229709600,-0.18452497051682643
1229731200,-0.32306852850750434
1229752800,0.4036246025342055
1229774400,-0.36420727814866805
1229796000,-0.27249623770597187
1229817600,-0.3604510326186776
1229839200,-0.21368624962089122
1229860800,0.4036246025342055
1229882400,-0.3710070577131782
1229904000,-0.3695183193482797
1229925600,-0.35975181972574444
1229947200,-0.3598098946235153
1229968800,0.4036246025342055
1229990400,-0.332840651539424
1230012000,-0.33461466422131336
1230033600,-0.39443972248028036
1230055200,-0.3440334765146482
1230076800,-0.37365208432855535
1230098400,-0.37418988955373744
1230120000,-0.370292190366619
1230141600,-0.36500088725241686
1230163200,-0.3667950887159366
1230184800,-0.3713992258279145
1230206400,1.0
1230228000,-0.3962860711271148
1230249600,-0.3807440364971084
1230271200,1.0
1230292800,-0.3700981408496431
1230314400,-0.3713992258279145
1230336000,-0.38715653106132775
1230357600,-0.37061647465408887
1230379200,-0.3697112068913262
1230400800,-0.2841110856501402
1230422400,-0.36984001281107204
1230444000,-0.36881434080670084
1230465600,0.4036246025342055
1230487200,0.4036246025342055
1230508800,-0.36050952936803193
1230530400,-0.3292179709125178
1230552000,1.0
1230573600,-0.35610579687223054
1230595200,0.4036246025342055
1230616800,1.0
1230638400,-0.3695183193482797
1230660000,1.0
1230681600,-0.3618054986802526
1230703200,-0.3668575558331617
1230724800,-0.37016278073632225
1230746400,-0.3833026443083023
1230768000,-0.37113760366613835
1230789600,-0.37479851972712064
1230811200,-0.36586289537504946
1230832800,-0.3700981408496431
1230854400,0.4036246025342055
1230876000,-0.34537498336791295
1230897600,-0.34883848483979596
1230919200,-0.3395738309907401
1230940800,1.0
1230962400,-0.3570044874709484
1230984000,-0.39427360877030615
1231005600,1.0
1231027200,-0.3292179709125178
1231048800,1.0
1231070400,0.4036246025342055
1231092000,-0.2714661863870024
1231113600,-0.35120071447035484
1231135200,-0.35831117546936264
1231156800,-0.36396439614338183
1231178400,-0.3737862553004486
1231200000,-0.3677994407454527
1231221600,-0.3507236264783897
1231243200,-0.32032743554560683
1231264800,-0.3941077801118832
1231286400,0.4036246025342055
1231308000,-0.21145821716680424
1231329600,-0.08142483505694165
1231351200,-0.043545551299408625
1231372800,0.009435474230962027
1231394400,0.4036246025342055
1231416000,-0.29132776993764764
1231437600,-0.3691336954495623
1231459200,-0.03563450302332366
1231480800,-0.37048663032554185
1231502400,-0.34899418298354534
1231524000,-0.3510944911818552
1231545600,-0.34063981758456063
1231567200,-0.3441816164930438
1231588800,-0.34587660207523063
1231610400,1.0
1231632000,-0.3500911510689192
1231653600,-0.3584829230743727
1231675200,1.0
1231696800,-0.25521522929757845
1231718400,0.4036246025342055
1231740000,-0.31261316959377605
1231761600,-0.3172123059903391
1231783200,-0.3936944491695984
1231804800,0.4036246025342055
1231826400,-0.39125091501485687
1231848000,-0.3557152326056796
1231869600,-0.3359668778931144
1231891200,-0.35527079778043935
1231912800,0.4036246025342055
1231934400,-0.3560499052414169
1231956000,-0.3422732869098648
1231977600,-0.39303677498858025
1231999200,-0.3685596147890785
1232020800,0.4036246025342055
1232042400,-0.3510944911818552
1232064000,-0.3440334765146482
1232085600,-0.3688781273614803
1232107200,-0.37120294283494415
1232128800,0.4036246025342055
1232150400,-0.37094185080990605
1232172000,-0.35471811324860103
1232193600,-0.34261304436123863
1232215200,-0.39519078812866815
1232236800,1.0
1232258400,-0.34602759683561046
1232280000,-0.39561058299813
1232301600,1.0
1232323200,-0.34693855371779614
1232344800,1.0
1232366400,0.4036246025342055
1232388000,-0.39510704754545367
1232409600,-0.3621619821843485
1232431200,-0.3638431836759598
1232452800,-0.29777259941802325
1232474400,-0.21873342119445294
1232496000,-0.36754737245259594
1232517600,-0.36481716737392067
1232539200,-0.3705515306818985
1232560800,-0.36926173339738544
1232582400,-0.3673587517805156
1232604000,-0.3626991853236786
1232625600,1.0
1232647200,0.4036246025342055
1232668800,-0.33153119211377
1232690400,1.0
1232712000,-0.3706814623007766
1232733600,1.0
1232755200,0.4036246025342055
1232776800,-0.3599843290156113
1232798400,-0.3591729822539823
1232820000,-0.35373117741608673
1232841600,-0.3973082397791221
1232863200,-0.3634804558419604
1232884800,0.4036246025342055
1232906400,-0.3686232333739847
1232928000,-0.370292190366619
1232949600,-0.3982548216100653
1232971200,-0.3708766878762284
1232992800,-0.3695825724270979
1233014400,1.0
1233036000,-0.3686868938683703
1233057600,-0.3722544227983743
1233079200,1.0
1233100800,-0.3671704985515356
1233122400,0.4036246025342055
1233144000,-0.3288799325197881
1233165600,-0.3141220249055896
1233187200,-0.3129702898338367
1233208800,0.4036246025342055
1233230400,-0.30897531362447905
1233252000,-0.36004254385290335
1233273600,-0.39912347129689585
1233295200,-0.35313297466356464
1233316800,-0.39519078812866815
1233338400,-0.3211805734275609
1233360000,-0.3550493445137013
1233381600,-0.1821304445520346
1233403200,-0.3391976295346746
1233424800,-0.27904419130389546
1233446400,-0.3876202022922455
1233468000,-0.3764405266990344
1233489600,-0.1548207143561589
1233511200,-0.3459772390298944
1233532800,0.4036246025342055
1233554400,-0.36990448020971545
1233576000,-0.29434881824122694
1233597600,-0.29329234899722467
1233619200,1.0
1233640800,0.4036246025342055
1233662400,-0.3710070577131782
1233684000,1.0
1233705600,-0.33205284858689366
1233727200,0.4036246025342055
1233748800,0.4036246025342055
1233770400,-0.3608612554232211
1233792000,-0.3547732396773535
1233813600,-0.27784278808213625
1233835200,0.4036246025342055
1233856800,-0.36673266195214904
1233878400,-0.36420727814866805
1233900000,-0.3644507721407557
1233921600,-0.3737862553004486
1233943200,0.4036246025342055
1233964800,-0.39519078812866815
1233986400,-0.3697755883906977
1234008000,-0.3623407182901397
1234029600,-0.3947728089866338
1234051200,0.4036246025342055
1234072800,-0.3940249723716126
1234094400,-0.2679001919623749
1234116000,-0.3502488822687614
1234137600,-0.36754737245259594
1234159200,0.4036246025342055
1234180800,-0.33587613926956283
1234202400,-0.351360268651316
1234224000,-0.3596357745277917
1234245600,1.0
1234267200,0.4036246025342055
1234288800,1.0
1234310400,-0.36512356150181025
1234332000,-0.35975181972574444
1234353600,1.0
1234375200,-0.3589424145884278
1234396800,0.4036246025342055
1234418400,-0.3982548216100653
1234440000,-0.3522694190529472
1234461600,-0.3258078910175427
1234483200,-0.35356766362583547
1234504800,0.4036246025342055
1234526400,-0.39076953605192777
1234548000,-0.35400431673580735
1234569600,-0.3700335441714475
1234591200,-0.3684960380585075
1234612800,-0.36648335739083604
1234634400,-0.37311725555707553
1234656000,0.4036246025342055
1234677600,1.0
1234699200,-0.37371914652901383
1234720800,-0.36754737245259594
1234742400,1.0
1234764000,0.4036246025342055
1234785600,-0.19940263318795304
1234807200,-0.3217274272626812
1234828800,-0.3645117416235243
1234850400,-0.37094185080990605
1234872000,-0.36919769321811513
1234893600,-0.34602759683561046
1234915200,0.4036246025342055
1234936800,-0.36354081601068255
1234958400,-0.36329960121590643
1234980000,-0.3947728089866338
1235001600,-0.3590576296565998
1235023200,1.0
1235044800,-0.3427103377266
1235066400,1.0
1235088000,-0.3258078910175427
1235109600,-0.3182647572934263
1235131200,1.0
1235152800,0.4036246025342055
1235174400,-0.3925464400998905
1235196000,-0.3463302959929968
1235217600,-0.3518405179240056
1235239200,-0.34863127676902217
1235260800,0.4036246025342055
1235282400,-0.3913313784890997
1235304000,-0.2899646682616345
1235325600,-0.3098027460957681
1235347200,-0.3371542994025949
1235368800,-0.39230220249646364
1235390400,-0.2982629861448557
1235412000,0.19451017973245355
1235433600,0.022659663426183585
1235455200,-0.3052049635204225
1235476800,0.4036246025342055
1235498400,-0.327789403454919
1235520000,-0.22760176043229474
1235541600,-0.3225930705890666
1235563200,-0.36186482135061293
1235584800,0.4036246025342055
1235606400,-0.36798892438847985
1235628000,-0.37938293474301144
1235649600,-0.28773470771688603
1235671200,-0.36990448020971545
1235692800,1.0
1235714400,-0.2667401815877737
1235736000,1.0
1235757600,-0.31232842057896193
1235779200,-0.39068953883959245
1235800800,-0.32998290862935864
1235822400,-0.3312714160783504
1235844000,-0.027125980516307935
1235865600,-0.39173470389502607
1235887200,-0.26420157348632667
1235908800,-0.39021094127703926
1235930400,-0.33826348376878845
1235952000,-0.34164546053829115
1235973600,0.4036246025342055
1235995200,-0.3547732396773535
1236016800,1.0
1236038400,-0.3345251858566032
1236060000,-0.3050729913224005
1236081600,0.4036246025342055
1236103200,-0.3414531009286552
1236124800,-0.36824214858049464
1236146400,-0.34423104699385687
1236168000,0.4036246025342055
1236189600,-0.35969377970779415
1236211200,-0.3633598484915376
1236232800,-0.3538403405194571
1236254400,-0.343247209257348
1236276000,-0.253808444012954
1236297600,1.0
1236319200,-0.3691336954495623
1236340800,1.0
1236362400,-0.367421584440065
1236384000,-0.31587578120152815
1236405600,0.4036246025342055
1236427200,-0.354113788995583
1236448800,-0.3434922312623011
1236470400,-0.3636012139045126
1236492000,-0.37022746388932803
1236513600,-0.3690697400355919
1236535200,-0.3745275440795863
1236556800,-0.394689429665687
1236578400,-0.3712683262115808
1236600000,-0.36692006335602856
1236621600,-0.3680521682565635
1236643200,-0.3696468682558053
1236664800,-0.3623407182901397
1236686400,-0.3705515306818985
1236708000,1.0
1236729600,0.4036246025342055
1236751200,-0.36186482135061293
1236772800,-0.3466339462883401
1236794400,-0.3529704690866222
1236816000,-0.1826492006972099
1236837600,-0.3531872039730587
1236859200,-0.370292190366619
1236880800,0.4036246025342055
1236902400,-0.3721883690521375
1236924000,-0.2493358332448723
1236945600,-0.3564979460415949
1236967200,1.0
1236988800,0.4036246025342055
1237010400,1.0
1237032000,-0.36246005961680117
1237053600,-0.39747965734421553
1237075200,1.0
1237096800,-0.36512356150181025
1237118400,-0.3623407182901397
1237140000,-0.36611060234049453
1237161600,-0.3650622049111887
1237183200,-0.36420727814866805
1237204800,-0.3691336954495623
1237226400,0.4036246025342055
1237248000,-0.35152008670369983
1237269600,-0.33678738248535844
1237291200,-0.3398333216621745
1237312800,-0.23961825757105104
1237334400,-0.39773735516887854
1237356000,-0.30822300770418765
1237377600,-0.3728509470813207
1237399200,-0.3713337538559097
1237420800,-0.39427360877030615
1237442400,0.4036246025342055
1237464000,-0.367484457979682
1237485600,-0.3691336954495623
1237507200,-0.34063981758456063
1237528800,-0.3622811028490248
1237550400,-0.3421280414511859
1237572000,-0.3508823942473701
1237593600,-0.3310986192026584
1237615200,-0.35582666141823605
1237636800,1.0
1237658400,0.4036246025342055
1237680000,1.0
1237701600,-0.36275905932000696
1237723200,-0.33231473662517597
1237744800,1.0
1237766400,0.4036246025342055
1237788000,-0.3708115688528867
1237809600,-0.370292190366619
1237831200,-0.39076953605192777
1237852800,0.4036246025342055
1237874400,-0.37179299191561255
1237896000,-0.34329616398331
1237917600,-0.20476261684325192
1237939200,-0.3712683262115808
1237960800,0.4036246025342055
1237982400,-0.3146302577741633
1238004000,-0.3468877190890687
1238025600,1.0
1238047200,-0.3223562159925969
1238068800,0.4036246025342055
1238090400,-0.2866932365403835
1238112000,-0.3187193404616616
1238133600,-0.36027575452893956
1238155200,0.4036246025342055
1238176800,-0.3531872039730587
1238198400,-0.3408305635176625
1238220000,-0.35243074901860105
1238241600,-0.37418988955373744
1238263200,1.0
1238284800,0.4036246025342055
1238306400,1.0
1238328000,-0.32055936356169
1238349600,-0.3364218534368455
1238371200,0.4036246025342055
1238392800,-0.3541685716654077
1238414400,-0.35876984913724597
1238436000,-0.3933650525933806
1238457600,-0.3536221374869073
1238479200,0.4036246025342055
1238500800,-0.3499336768999348
1238522400,-0.3946061222234738
1238544000,-0.3376149133679921
1238565600,-0.3218058024713427
1238587200,-0.33807773334738356
1238608800,-0.2534985868272973
1238630400,-0.3159495496226543
1238652000,-0.3006269223804251
1238673600,-0.31470308115890755
1238695200,-0.3531872039730587
1238716800,-0.3553262404824663
1238738400,0.4036246025342055
1238760000,-0.38785287486126574
1238781600,-0.3426616787995991
1238803200,-0.3694541089625403
1238824800,-0.3716615581966338
1238846400,0.4036246025342055
1238868000,-0.36549252139124155
1238889600,-0.3700981408496431
1238911200,-0.3648783685330166
1238932800,-0.3832285932495195
1238954400,1.0
1238976000,-0.38464535929870713
1238997600,0.4036246025342055
1239019200,1.0
1239040800,-0.31254190364144396
1239062400,1.0
1239084000,-0.3933650525933806
1239105600,-0.36836900994033817
1239127200,0.4036246025342055
1239148800,-0.3662346943344098
1239170400,-0.3973082397791221
1239192000,-0.35888485852539065
1239213600,-0.3476018489041174
1239235200,-0.3310986192026584
1239256800,-0.394939783761623
1239278400,-0.33058207475507073
1239300000,-0.3542233854087845
1239321600,-0.3645117416235243
1239343200,-0.36811545354172137
1239364800,0.4036246025342055
1239386400,-0.376164914028838
1239408000,-0.3271243745801682
1239429600,-0.35460795464222117
1239451200,-0.36518495707374976
1239472800,0.4036246025342055
1239494400,-0.3283750817747997
1239516000,-0.3325773363166107
1239537600,-0.3319657100535033
1239559200,-0.3645117416235243
1239580800,0.4036246025342055
1239602400,-0.37952530917315885
1239624000,-0.3594619675978771
1239645600,-0.36323939147752093
1239667200,-0.2726847051025837
1239688800,1.0
1239710400,-0.3182647572934263
1239732000,1.0
1239753600,-0.3643898411002866
1239775200,0.4036246025342055
1239796800,-0.3378923392819221
1239818400,-0.2751446359194709
1239840000,-0.3184160475426946
1239861600,-0.2144060788484926
1239883200,0.4036246025342055
1239904800,-0.3459772390298944
1239926400,-0.340735143488204
1239948000,1.0
1239969600,-0.3677994407454527
1239991200,0.4036246025342055
1240012800,-0.36323939147752093
1240034400,-0.35859759128952673
1240056000,-0.16908332757630268
1240077600,0.4036246025342055
1240099200,-0.3712683262115808
1240120800,-0.36824214858049464
1240142400,-0.3836737531629295
1240164000,-0.3696468682558053
1240185600,0.4036246025342055
1240207200,-0.36648335739083604
1240228800,-0.36938994121318236
1240250400,-0.3712683262115808
1240272000,-0.3672959599479083
1240293600,1.0
1240315200,-0.34587660207523063
1240336800,1.0
1240358400,-0.39747965734421553
1240380000,-0.33938554719618963
1240401600,0.4036246025342055
1240423200,-0.36127322705134
1240444800,-0.3484761617646388
1240466400,-0.34935845718380143
1240488000,-0.3339900485759496
1240509600,0.4036246025342055
1240531200,-0.3499336768999348
1240552800,-0.39435662993261367
1240574400,-0.3415011549460467
1240596000,-0.3505651191268613
1240617600,0.4036246025342055
1240639200,-0.3577977565268349
1240660800,-0.3603341452418839
1240682400,-0.35521538686895415
1240704000,-0.35582666141823605
1240725600,0.4036246025342055
1240747200,-0.3585402401739073
1240768800,-0.3953584873065147
1240790400,-0.35538171501153426
1240812000,-0.354113788995583
1240833600,-0.33381232599347677
1240855200,-0.2900775285687488
1240876800,-0.311549659663516
1240898400,-0.34241875100203156
1240920000,-0.3715303029954946
1240941600,1.0
1240963200,-0.37179299191561255
1240984800,-0.3870024670558265
1241006400,1.0
1241028000,-0.36354081601068255
1241049600,1.0
1241071200,-0.38205142906913825
1241092800,-0.3700981408496431
1241114400,0.4036246025342055
1241136000,-0.3688781273614803
1241157600,-0.37113760366613835
1241179200,-0.39328287858589317
1241200800,-0.37245285536703443
1241222400,-0.36692006335602856
1241244000,0.4036246025342055
1241265600,-0.3766477532837671
1241287200,-0.3715959083116479
1241308800,-0.3648783685330166
1241330400,-0.3618054986802526
1241352000,-0.3947728089866338
1241373600,-0.3470912182471494
1241395200,-0.35243074901860105
1241416800,-0.3592307102288067
1241438400,-0.35510466027192755
1241460000,-0.3910099257952473
1241481600,0.4036246025342055
1241503200,-0.3535132204542646
1241524800,-0.3672332088892215
1241546400,-0.3603341452418839
1241568000,-0.36555415189523255
1241589600,0.4036246025342055
1241611200,-0.37818114700958017
1241632800,-0.3404019134097961
1241654400,-0.3745275440795863
1241676000,1.0
1241697600,0.4036246025342055
1241719200,1.0
1241740800,0.036654041513718816
1241762400,-0.31506802353742325
1241784000,1.0
1241805600,0.4036246025342055
1241827200,-0.2875145159338218
1241848800,-0.34915013238852866
1241870400,-0.33416809860693997
1241892000,0.4036246025342055
1241913600,-0.3570609341004637
1241935200,-0.39157317167691796
1241956800,-0.18354502752466556
1241978400,-0.36611060234049453
1242000000,-0.3684325031272361
1242021600,1.0
1242043200,-0.34755066424879877
1242064800,0.4036246025342055
1242086400,-0.29577565378829196
1242108000,-0.3504068713398897
1242129600,-0.3531872039730587
1242151200,-0.36372212305632856
1242172800,0.4036246025342055
1242194400,-0.19782485729155352
1242216000,-0.33319285831465884
1242237600,-0.3700981408496431
1242259200,1.0
1242280800,-0.337799775455896
1242302400,1.0
1242324000,-0.3450253931216076
1242345600,-0.3594041013524458
1242367200,-0.35582666141823605
1242388800,-0.3544979214655367
1242410400,-0.3175118385880954
1242432000,-0.3131851971729239
1242453600,-0.3945228865361725
1242475200,-0.3233071375842428
1242496800,-0.3335463534577371
1242518400,-0.3385427805729805
1242540000,-0.33266502836163236
1242561600,-0.3459269074522032
1242583200,-0.3985145976454848
1242604800,0.4036246025342055
1242626400,-0.3524845855809865
1242648000,-0.3967958039677718
1242669600,-0.37048663032554185
1242691200,-0.3954424461536573
1242712800,-0.3696468682558053
1242734400,-0.3733174696348721
1242756000,-0.3727180675457983
1242777600,-0.3946061222234738
1242799200,-0.37425732614194684
1242820800,0.4036246025342055
1242842400,-0.3737862553004486
1242864000,-0.37602740190747364
1242885600,-0.3741224999924413
1242907200,-0.3710070577131782
1242928800,-0.35888485852539065
1242950400,1.0
1242972000,-0.3734511765077866
1242993600,-0.36824214858049464
1243015200,1.0
1243036800,-0.3734511765077866
1243058400,-0.3748663825297568
1243080000,-0.38263821873990234
1243101600,0.4036246025342055
1243123200,-0.37425732614194684
1243144800,-0.3837481462589688
1243166400,-0.36156857149572474
1243188000,-0.350512341066029
1243209600,-0.35471811324860103
1243231200,-0.3661726284189927
1243252800,-0.36648335739083604
1243274400,-0.3583683907623202
1243296000,-0.359868004443055
1243317600,-0.35538171501153426
1243339200,0.4036246025342055
1243360800,-0.3592307102288067
1243382400,-0.39262799000091786
1243404000,-0.36275905932000696
1243425600,-0.36894195604740887
1243447200,-0.3666079292765779
1243468800,-0.367421584440065
1243490400,-0.3793118261106767
1243512000,-0.3673587517805156
1243533600,-0.36654562326089124
1243555200,-0.3684325031272361
1243576800,0.4036246025342055
1243598400,-0.381250367287844
1243620000,-0.34739727274519205
1243641600,-0.3317047649075957
1243663200,-0.3819052866942424
1243684800,1.0
1243706400,-0.37692474846297563
1243728000,1.0
1243749600,-0.3424672877318228
1243771200,-0.34899418298354534
1243792800,0.4036246025342055
1243814400,-0.394939783761623
1243836000,-0.3501962765913694
1243857600,-0.33266502836163236
1243879200,-0.31499492472381496
1243900800,0.4036246025342055
1243922400,-0.3387294279066818
1243944000,-0.39552647800850205
1243965600,-0.3646337961102042
1243987200,-0.34693855371779614
1244008800,0.019849004121151093
1244030400,-0.3017671907957731
1244052000,-0.37291745543011423
1244073600,0.4036246025342055
1244095200,-0.37311725555707553
1244116800,-0.30376308814902764
1244138400,-0.31218636009474965
1244160000,-0.3445281621456089
1244181600,0.4036246025342055
1244203200,-0.3461788278946164
1244224800,-0.3570044874709484
1244246400,-0.3642680941525521
1244268000,0.4036246025342055
1244289600,1.0
1244311200,-0.36900582692017836
1244332800,1.0
1244354400,-0.3979957420259783
1244376000,-0.3735180993823326
1244397600,0.4036246025342055
1244419200,-0.3710723086454226
1244440800,-0.3967106615596365
1244462400,-0.3298976159256909
1244484000,-0.35210835797069373
1244505600,-0.39427360877030615
1244527200,-0.30673574099729883
1244548800,-0.35510466027192755
1244570400,-0.3602173990760901
1244592000,-0.3485278391065024
1244613600,0.4036246025342055
1244635200,-0.39662559410081355
1244656800,-0.3574003080295305
1244678400,-0.3681787802982356
1244700000,-0.3849462910389191
1244721600,0.4036246025342055
1244743200,-0.37902791367147837
1244764800,-0.37783050574322974
1244786400,-0.39561058299813
1244808000,-0.37048663032554185
1244829600,-0.35876984913724597
1244851200,-0.35104142329091026
1244872800,-0.3962013764442328
1244894400,-0.3756844752630729
1244916000,-0.39773735516887854
1244937600,-0.3752064132359024
1244959200,1.0
1244980800,-0.3745952167903228
1245002400,1.0
1245024000,-0.3721883690521375
1245045600,-0.3735180993823326
1245067200,1.0
1245088800,0.4036246025342055
1245110400,-0.3673587517805156
1245132000,-0.3721883690521375
1245153600,-0.3834509168759136
1245175200,-0.3725853704745081
1245196800,-0.3503015165984842
1245218400,-0.3472951468419144
1245240000,-0.38038398903521997
1245261600,-0.3569480737933495
1245283200,-0.33345785837189834
1245304800,-0.2885649243952011
1245326400,-0.36186482135061293
1245348000,-0.3913313784890997
1245369600,0.4036246025342055
1245391200,-0.3601007937805153
1245412800,-0.393776974048211
1245434400,-0.3575704429801355
1245456000,-0.39485626031045773
1245477600,0.4036246025342055
1245499200,-0.35324146373135223
1245520800,-0.3929548795370835
1245542400,-0.34889035635310917
1245564000,-0.34198301396976516
1245585600,-0.34393484254131623
1245607200,0.4036246025342055
1245628800,-0.34442902222721095
1245650400,-0.345425028230234
1245672000,-0.39552647800850205
1245693600,1.0
1245715200,0.4036246025342055
1245736800,1.0
1245758400,-0.32523752141161244
1245780000,1.0
1245801600,0.4036246025342055
1245823200,-0.36246005961680117
1245844800,-0.3678625606869408
1245866400,-0.341838203812324
1245888000,-0.3500911510689192
1245909600,-0.3174368683539378
1245931200,-0.3902905431159578
1245952800,-0.327789403454919
1245974400,-0.3371542994025949
1245996000,0.4036246025342055
1246017600,-0.3609200010949284
1246039200,-0.39084959954199416
1246060800,-0.2953573127584247
1246082400,-0.32540014093165803
1246104000,-0.38738808858501805
1246125600,-0.37016278073632225
1246147200,-0.2987558740580323
1246168800,-0.3184160475426946
1246190400,0.4036246025342055
1246212000,-0.1559414764340718
1246233600,-0.3953584873065147
1246255200,1.0
1246276800,-0.3672959599479083
1246298400,0.4036246025342055
1246320000,1.0
1246341600,-0.06394502789644652
1246363200,1.0
1246384800,-0.39654060145946624
1246406400,-0.2238309454634051
1246428000,-0.3280399739332026
1246449600,-0.34668464756284123
1246471200,-0.32475129836331107
1246492800,-0.32251405453643667
1246514400,-0.35831117546936264
1246536000,-0.3317047649075957
1246557600,-0.3421764323520381
1246579200,-0.3389164364352555
1246600800,-0.35394962707561417
1246622400,-0.33978608968323687
1246644000,-0.3351532812792981
1246665600,-0.3137606309653934
1246687200,-0.3450752572233242
1246708800,-0.35677903008788414
1246730400,-0.35067076180147894
1246752000,-0.3388228869342589
1246773600,-0.39443972248028036
1246795200,0.4036246025342055
1246816800,-0.3399751562673555
1246838400,-0.34059218987192463
1246860000,-0.34059218987192463
1246881600,-0.3939422355283888
1246903200,1.0
1246924800,-0.3349734084921737
1246946400,1.0
1246968000,-0.3477555657344864
1246989600,-0.39303677498858025
1247011200,1.0
1247032800,-0.29673871752461356
1247054400,0.4036246025342055
1247076000,-0.3576840329162022
1247097600,-0.36704519982800776
1247119200,-0.3593462697367268
1247140800,-0.36192418045996244
1247162400,0.4036246025342055
1247184000,-0.3735850686344808
1247205600,-0.3731839475038099
1247227200,-0.37061647465408887
1247248800,-0.3671704985515356
1247270400,-0.2706315078362771
1247292000,1.0
1247313600,0.4036246025342055
1247335200,1.0
1247356800,-0.37172725271104856
1247378400,-0.37022746388932803
1247400000,-0.36798892438847985
1247421600,-0.395274601340325
1247443200,0.4036246025342055
1247464800,-0.3564418272090176
1247486400,-0.39385956946091627
1247508000,-0.36311908442558993
1247529600,-0.3960322094391381
1247551200,-0.3643898411002866
1247572800,-0.37325068550852214
1247594400,-0.3687505963274881
1247616000,1.0
1247637600,-0.39790953628700354
1247659200,-0.36251978559335163
1247680800,1.0
1247702400,-0.39569476124995306
1247724000,1.0
1247745600,-0.2957157797919636
1247767200,-0.3941077801118832
1247788800,0.4036246025342055
1247810400,-0.3448759550088655
1247832000,-0.3529704690866222
1247853600,-0.36127322705134
1247875200,-0.3941906588708074
1247896800,0.4036246025342055
1247918400,-0.3750702573458444
1247940000,-0.3721223604245829
1247961600,-0.3946061222234738
1247983200,-0.36798892438847985
1248004800,0.4036246025342055
1248026400,-0.33724624672350145
1248048000,-0.39696631416107364
1248069600,-0.357456986404752
1248091200,0.4036246025342055
1248112800,-0.3359668778931144
1248134400,-0.3918155713700231
1248156000,-0.3481151920872593
1248177600,-0.3685596147890785
1248199200,0.4036246025342055
1248220800,-0.3734511765077866
1248242400,-0.36275905932000696
1248264000,-0.3623407182901397
1248285600,-0.3910099257952473
1248307200,1.0
1248328800,0.0397384510059412
1248350400,1.0
1248372000,0.045962214325918516
1248393600,-0.0729924557321418
1248415200,0.21216111094584184
1248436800,-0.3929548795370835
1248458400,0.026078933264794102
1248480000,-0.04333440053736315
1248501600,-0.39696631416107364
1248523200,-0.24022307849030766
1248544800,-0.35577093095130374
1248566400,-0.3354237197775757
1248588000,0.4036246025342055
1248609600,-0.3816136633058783
1248631200,-0.3087010697313579
1248652800,-0.33938554719618963
1248674400,-0.39611675592483075
1248696000,-0.29207422412488515
1248717600,-0.27461392919533145
1248739200,-0.21792721551475724
1248760800,-0.3958633380515031
1248782400,-0.34734619630268027
1248804000,0.4036246025342055
1248825600,-0.3672959599479083
1248847200,-0.3691336954495623
1248868800,-0.33605770179733996
1248890400,1.0
1248912000,-0.38926079882256615
1248933600,0.4036246025342055
1248955200,1.0
1248976800,-0.3106373245278746
1248998400,1.0
1249020000,-0.393776974048211
1249041600,-0.3555483299269161
1249063200,-0.35951986851451756
1249084800,-0.3575704429801355
1249106400,-0.35324146373135223
1249128000,-0.3581397325616237
1249149600,-0.3607438711063493
1249171200,-0.367421584440065
1249192800,-0.35677903008788414
1249214400,-0.35928847270929654
1249236000,-0.36317921922963514
1249257600,-0.3603341452418839
1249279200,1.0
1249300800,0.4036246025342055
1249322400,-0.34290521881504554
1249344000,1.0
1249365600,-0.3581397325616237
1249387200,1.0
1249408800,-0.3690697400355919
1249430400,0.4036246025342055
1249452000,0.4036246025342055
1249473600,-0.3782514281959378
1249495200,-0.3708115688528867
1249516800,-0.37371914652901383
1249538400,-0.3700981408496431
1249560000,-0.3712683262115808
1249581600,-0.3668575558331617
1249603200,-0.3683055584429944
1249624800,-0.3547732396773535
1249646400,1.0
1249668000,-0.36881434080670084
1249689600,1.0
1249711200,-0.36673266195214904
1249732800,1.0
1249754400,-0.39109018877908275
1249776000,-0.3356949172249254
1249797600,-0.2768529036062317
1249819200,-0.34030691548916236
1249840800,-0.3950233794649176
1249862400,-0.34683691118727666
1249884000,0.4036246025342055
1249905600,-0.33231473662517597
1249927200,-0.33947964323768687
1249948800,-0.3590576296565998
1249970400,1.0
1249992000,0.4036246025342055
1250013600,-0.36275905932000696
1250035200,1.0
1250056800,-0.2545874617502143
1250078400,0.4036246025342055
1250100000,-0.37298400958355926
1250121600,-0.3677994407454527
1250143200,-0.3594041013524458
1250164800,-0.3592307102288067
1250186400,-0.3671078288820355
1250208000,-0.36938994121318236
1250229600,-0.340735143488204
1250251200,1.0
1250272800,0.4036246025342055
1250294400,1.0
1250316000,-0.3946061222234738
1250337600,1.0
1250359200,-0.39328287858589317
1250380800,0.4036246025342055
1250402400,-0.38212458321872
1250424000,-0.053013529382905045
1250445600,-0.08173816673479273
1250467200,-0.25388606379783585
1250488800,-0.2600581613081827
1250510400,-0.3570609341004637
1250532000,-0.3684960380585075
1250553600,-0.23888413601789082
1250575200,-0.3408783088876962
1250596800,-0.3947728089866338
1250618400,-0.2895145405098799
1250640000,-0.3285430724767874
1250661600,-0.32564458446920286
1250683200,-0.3492021714996313
1250704800,-0.36586289537504946
1250726400,-0.37365208432855535
1250748000,0.4036246025342055
1250769600,-0.3667950887159366
1250791200,-0.3563296872173418
1250812800,-0.2875145159338218
1250834400,-0.3387294279066818
1250856000,-0.36414650039384533
1250877600,1.0
1250899200,-0.3524845855809865
1250920800,1.0
1250942400,-0.3310123364942634
1250964000,-0.3925464400998905
1250985600,0.4036246025342055
1251007200,-0.34678612998433056
1251028800,-0.36323939147752093
1251050400,-0.36592476261594764
1251072000,-0.39189650657323194
1251093600,-0.3624003705309119
1251115200,0.4036246025342055
1251136800,-0.3502488822687614
1251158400,-0.3654309301673707
1251180000,-0.36926173339738544
1251201600,-0.3659866694899302
1251223200,-0.36293890421121167
1251244800,-0.3819052866942424
1251266400,1.0
1251288000,-0.3673587517805156
1251309600,1.0
1251331200,-0.3706814623007766
1251352800,-0.3817593649949683
1251374400,0.4036246025342055
1251396000,-0.3646337961102042
1251417600,-0.35774087799253695
1251439200,-0.30815490577960547
1251460800,-0.3704217735264749
1251482400,0.4036246025342055
1251504000,-0.37425732614194684
1251525600,-0.394939783761623
1251547200,-0.3659866694899302
1251568800,-0.3696468682558053
1251590400,1.0
1251612000,0.4036246025342055
1251633600,1.0
1251655200,-0.36881434080670084
1251676800,1.0
1251698400,0.4036246025342055
1251720000,-0.3571739263693815
1251741600,-0.37623374353814554
1251763200,-0.36704519982800776
1251784800,-0.36512356150181025
1251806400,-0.36475600494973814
1251828000,-0.3844202738856526
1251849600,0.4036246025342055
1251871200,-0.3735180993823326
1251892800,-0.37783050574322974
1251914400,-0.3774114087640672
1251936000,-0.37630262210626664
1251957600,-0.3718587758711702
1251979200,-0.3704217735264749
1252000800,-0.36811545354172137
1252022400,-0.3361486111426919
1252044000,-0.39021094127703926
1252065600,0.4036246025342055
1252087200,-0.3548283975709644
1252108800,-0.3898139126701615
1252130400,-0.3688781273614803
1252152000,0.4036246025342055
1252173600,-0.24555849810972896
1252195200,-0.39092972941970505
1252216800,1.0
1252238400,-0.37311725555707553
1252260000,-0.3489422557243793
1252281600,1.0
1252303200,-0.394939783761623
1252324800,0.4036246025342055
1252346400,-0.2737040632505482
1252368000,-0.39270960877855876
1252389600,-0.35723047208602277
1252411200,-0.36767332441175204
1252432800,-0.36654562326089124
1252454400,-0.3684960380585075
1252476000,-0.3691336954495623
1252497600,-0.3687505963274881
1252519200,-0.36881434080670084
1252540800,-0.3684960380585075
1252562400,-0.3673587517805156
1252584000,-0.3671704985515356
1252605600,-0.37895706570130916
1252627200,0.4036246025342055
1252648800,-0.38168648669062255
1252670400,-0.3571739263693815
1252692000,-0.3771330171362236
1252713600,-0.36317921922963514
1252735200,-0.38926079882256615
1252756800,-0.36767332441175204
1252778400,-0.3686868938683703
1252800000,-0.31119774147786516
1252821600,-0.2648952444915913
1252843200,1.0
1252864800,-0.3973082397791221
1252886400,-0.34739727274519205
1252908000,1.0
1252929600,-0.34982883650236396
1252951200,-0.3940249723716126
1252972800,0.4036246025342055
1252994400,-0.31963497267594787
1253016000,-0.35356766362583547
1253037600,-0.3417417841216288
1253059200,-0.3920585806187402
1253080800,-0.3506179260281659
1253102400,-0.39577901289171746
1253124000,0.4036246025342055
1253145600,-0.3704217735264749
1253167200,-0.3699689906440087
1253188800,-0.36469488121146865
1253210400,-0.39005193403921934
1253232000,0.4036246025342055
1253253600,-0.3492021714996313
1253275200,-0.3686232333739847
1253296800,1.0
1253318400,-0.37172725271104856
1253340000,-0.3618054986802526
1253361600,0.4036246025342055
1253383200,0.4036246025342055
1253404800,-0.3440828312792462
1253426400,-0.3324897237748141
1253448000,-0.3521620151775039
1253469600,-0.3371542994025949
1253491200,0.4036246025342055
1253512800,-0.39157317167691796
1253534400,-0.3723866658939109
1253556000,-0.3712683262115808
1253577600,1.0
1253599200,-0.3671704985515356
1253620800,1.0
1253642400,-0.3699689906440087
1253664000,-0.32483216583830854
1253685600,1.0
1253707200,-0.34557531850466683
1253728800,0.4036246025342055
1253750400,-0.3962860711271148
1253772000,-0.34178998194157173
1253793600,-0.3485278391065024
1253815200,-0.3463302959929968
1253836800,-0.3498812424835738
1253858400,-0.39519078812866815
1253880000,0.4036246025342055
1253901600,-0.34883848483979596
1253923200,-0.33910380755936065
1253944800,-0.3531872039730587
1253966400,-0.35538171501153426
1253988000,-0.34482619361385125
1254009600,-0.39443972248028036
1254031200,-0.37120294283494415
1254052800,-0.36317921922963514
1254074400,-0.3683055584429944
1254096000,0.4036246025342055
1254117600,-0.3648783685330166
1254139200,-0.36156857149572474
1254160800,-0.36673266195214904
1254182400,-0.3591729822539823
1254204000,-0.36648335739083604
1254225600,-0.36555415189523255
1254247200,1.0
1254268800,-0.2753868331063549
1254290400,0.4036246025342055
1254312000,1.0
1254333600,-0.33863605917769635
1254355200,1.0
1254376800,0.4036246025342055
1254398400,-0.2774951739411887
1254420000,-0.18674748099153643
1254441600,-0.17674038810738973
1254463200,-0.343443177135876
1254484800,0.4036246025342055
1254506400,-0.35951986851451756
1254528000,-0.39068953883959245
1254549600,-0.26274385049620674
1254571200,-0.36654562326089124
1254592800,0.4036246025342055
1254614400,-0.3599843290156113
1254636000,-0.3784625789579833
1254657600,-0.35270023225788283
1254679200,0.4036246025342055
1254700800,-0.287130383463868
1254722400,-0.3697112068913262
1254744000,-0.3707464936807424
1254765600,-0.38256467488020185
1254787200,-0.36156857149572474
1254808800,-0.33605770179733996
1254830400,-0.3440334765146482
1254852000,-0.34423104699385687
1254873600,1.0
1254895200,0.4036246025342055
1254916800,1.0
1254938400,-0.3563296872173418
1254960000,-0.34899418298354534
1254981600,1.0
1255003200,-0.3954424461536573
1255024800,-0.3461788278946164
1255046400,-0.3579116141270252
1255068000,-0.35471811324860103
1255089600,-0.39435662993261367
1255111200,-0.36536937817358084
1255132800,-0.36518495707374976
1255154400,-0.36773636200497384
1255176000,-0.3686232333739847
1255197600,-0.3802403448215068
1255219200,-0.37338429994665234
1255240800,-0.3801686027046389
1255262400,-0.3963708401035876
1255284000,-0.37832176053309063
1255305600,-0.3763715498031849
1255327200,-0.3681787802982356
1255348800,-0.36932581604362125
1255370400,-0.3902905431159578
1255392000,0.4036246025342055
1255413600,-0.3553262404824663
1255435200,-0.3708115688528867
1255456800,-0.3671078288820355
1255478400,-0.3695825724270979
1255500000,-0.343247209257348
1255521600,0.4036246025342055
1255543200,-0.3465832716007694
1255564800,-0.3250751750870253
1255586400,-0.3817593649949683
1255608000,-0.3364218534368455
1255629600,-0.35433310625733816
1255651200,1.0
1255672800,-0.3925464400998905
1255694400,-0.3602173990760901
1255716000,1.0
1255737600,-0.34724412433440244
1255759200,-0.3479095274669719
1255780800,-0.35616172084773934
1255802400,-0.3967958039677718
1255824000,-0.35582666141823605
1255845600,-0.35394962707561417
1255867200,-0.3501962765913694
1255888800,0.4036246025342055
1255910400,-0.3383564930415913
1255932000,-0.33660444513402576
1255953600,-0.3479095274669719
1255975200,-0.35356766362583547
1255996800,-0.33678738248535844
1256018400,-0.31218636009474965
1256040000,-0.32913335039311575
1256061600,-0.3422248474968297
1256083200,-0.3594619675978771
1256104800,-0.3522157021938752
1256126400,-0.34724412433440244
1256148000,-0.3936119947047131
1256169600,-0.3440334765146482
1256191200,-0.39696631416107364
1256212800,-0.3308400018485331
1256234400,-0.29167157092991514
1256256000,-0.3454750990225368
1256277600,-0.2974064355685718
1256299200,1.0
1256320800,0.4036246025342055
1256342400,0.4036246025342055
1256364000,1.0
1256385600,-0.2991892228872778
1256407200,0.4036246025342055
1256428800,-0.25760636061348796
1256450400,-0.08116449915870055
1256472000,-0.20942733683396042
1256493600,-0.26647445284018334
1256515200,0.4036246025342055
1256536800,-0.3890247157402087
1256558400,-0.31390502640052553
1256580000,-0.2564033995153929
1256601600,-0.3555483299269161
1256623200,-0.35888485852539065
1256644800,-0.33826348376878845
1256666400,-0.346482001874989
1256688000,-0.3678625606869408
1256709600,-0.36990448020971545
1256731200,-0.2489661440909393
1256752800,-0.2770500709829332
1256774400,-0.35286228365468786
1256796000,-0.2998116831842219
1256817600,-0.38146818096453994
1256839200,-0.31211540808937255
1256860800,-0.3209471515097648
1256882400,-0.2428193405640533
1256904000,-0.351573418176898
1256925600,1.0
1256947200,-0.3910099257952473
1256968800,-0.3637826344089523
1256990400,1.0
1257012000,-0.3902905431159578
1257033600,-0.32009606282458614
1257055200,-0.38973470231574114
1257076800,-0.34683691118727666
1257098400,-0.3576840329162022
1257120000,-0.35876984913724597
1257141600,0.4036246025342055
1257163200,-0.3472951468419144
1257184800,-0.34832129534209955
1257206400,-0.395274601340325
1257228000,-0.35077652009053784
1257249600,-0.34638083816307297
1257271200,0.4036246025342055
1257292800,-0.3577977565268349
1257314400,-0.3967106615596365
1257336000,-0.3669826113368415
1257357600,-0.36773636200497384
1257379200,0.4036246025342055
1257400800,0.4036246025342055
1257422400,-0.3504068713398897
1257444000,-0.3712683262115808
1257465600,-0.37298400958355926
1257487200,-0.3634804558419604
1257508800,-0.38472050442456407
1257530400,0.4036246025342055
1257552000,-0.383376752154712
1257573600,-0.34796090260214396
1257595200,1.0
1257616800,-0.3463302959929968
1257638400,0.4036246025342055
1257660000,1.0
1257681600,-0.37016278073632225
1257703200,1.0
1257724800,-0.3735850686344808
1257746400,-0.3764405266990344
1257768000,1.0
1257789600,0.4036246025342055
1257811200,-0.374730704547508
1257832800,-0.3577977565268349
1257854400,-0.35324146373135223
1257876000,-0.3636012139045126
1257897600,-0.3697112068913262
1257919200,-0.3634804558419604
1257940800,-0.3947728089866338
1257962400,-0.3459269074522032
1257984000,-0.3919775096181948
1258005600,0.4036246025342055
1258027200,-0.393776974048211
1258048800,-0.3570609341004637
1258070400,-0.35345880793763407
1258092000,-0.3608612554232211
1258113600,0.4036246025342055
1258135200,-0.393776974048211
1258156800,-0.3518405179240056
1258178400,-0.30421953730322915
1258200000,-0.39519078812866815
1258221600,-0.3146302577741633
1258243200,-0.39189650657323194
1258264800,0.4036246025342055
1258286400,-0.3516267790987301
1258308000,-0.3614503253788205
1258329600,0.4036246025342055
1258351200,-0.3594619675978771
1258372800,1.0
1258394400,-0.3169136989486282
1258416000,1.0
1258437600,-0.32964218856909855
1258459200,0.4036246025342055
1258480800,-0.35378574355360803
1258502400,-0.2168626316061868
1258524000,-0.16973124570563175
1258545600,-0.2863666691995308
1258567200,0.4036246025342055
1258588800,-0.3225930705890666
1258610400,-0.3371542994025949
1258632000,-0.39165390403498224
1258653600,0.4036246025342055
1258675200,-0.3590576296565998
1258696800,-0.3474483761979864
1258718400,-0.3929548795370835
1258740000,-0.3525384521526058
1258761600,-0.39189650657323194
1258783200,-0.37120294283494415
1258804800,-0.36990448020971545
1258826400,-0.3562736659827398
1258848000,0.4036246025342055
1258869600,-0.36894195604740887
1258891200,-0.3867718306051038
1258912800,0.034100992444836886
1258934400,1.0
1258956000,0.4036246025342055
1258977600,1.0
1258999200,-0.3684960380585075
1259020800,-0.3355140343888058
1259042400,1.0
1259064000,0.4036246025342055
1259085600,-0.3609200010949284
1259107200,-0.3371542994025949
1259128800,-0.3811778716903087
1259150400,-0.363058987018813
1259172000,0.4036246025342055
1259193600,-0.3779706096126163
1259215200,-0.3686868938683703
1259236800,-0.36836900994033817
1259258400,-0.3829329551543692
1259280000,-0.3671704985515356
1259301600,0.4036246025342055
1259323200,-0.3686232333739847
1259344800,-0.3694541089625403
1259366400,-0.3609200010949284
1259388000,-0.36900582692017836
1259409600,0.4036246025342055
1259431200,-0.39435662993261367
1259452800,-0.3568353451401667
1259474400,-0.3654309301673707
1259496000,-0.39303677498858025
1259517600,-0.30666867879684057
1259539200,-0.3398333216621745
1259560800,0.4036246025342055
1259582400,-0.3713992258279145
1259604000,-0.3710070577131782
1259625600,-0.37022746388932803
1259647200,-0.3721883690521375
1259668800,1.0
1259690400,-0.37179299191561255
1259712000,1.0
1259733600,-0.3584829230743727
1259755200,1.0
1259776800,-0.35825399403160996
1259798400,-0.37113760366613835
1259820000,0.4036246025342055
1259841600,-0.37291745543011423
1259863200,-0.3531872039730587
1259884800,-0.359926149226387
1259906400,-0.37016278073632225
1259928000,0.4036246025342055
1259949600,-0.3945228865361725
1259971200,-0.3706814623007766
1259992800,-0.36536937817358084
1260014400,-0.3568353451401667
1260036000,-0.34832129534209955
1260057600,0.4036246025342055
1260079200,-0.39435662993261367
1260100800,-0.3267110436378836
1260122400,-0.3509883845261417
1260144000,-0.34607798089670105
1260165600,0.4036246025342055
1260187200,-0.35577093095130374
1260208800,-0.341838203812324
1260230400,-0.39328287858589317
1260252000,-0.3349734084921737
1260273600,-0.3451251470679956
1260295200,-0.3604510326186776
1260316800,-0.34821818876845345
1260338400,-0.24918778782797046
1260360000,1.0
1260381600,0.4036246025342055
1260403200,-0.39141190901624545
1260424800,1.0
1260446400,-0.3522694190529472
1260468000,-0.3215708672819293
1260489600,-0.39320077439490286
1260511200,-0.3385427805729805
1260532800,-0.26359866922335573
1260554400,-0.22208309417798722
1260576000,0.4036246025342055
1260597600,-0.3337235871194887
1260619200,-0.36372212305632856
1260640800,-0.3601590788407758
1260662400,0.4036246025342055
1260684000,-0.35152008670369983
1260705600,-0.24206059084404385
1260727200,1.0
1260748800,-0.34059218987192463
1260770400,0.4036246025342055
1260792000,-0.3361486111426919
1260813600,-0.3544979214655367
1260835200,-0.3541685716654077
1260856800,-0.36512356150181025
1260878400,0.4036246025342055
1260900000,-0.36342013335124834
1260921600,-0.23232998907452007
1260943200,-0.36210247687028685
1260964800,1.0
1260986400,-0.3528082363227517
1261008000,1.0
1261029600,-0.39344729653620236
1261051200,-0.3556039321303962
1261072800,0.4036246025342055
1261094400,-0.3567227478341193
1261116000,-0.37818114700958017
1261137600,-0.33407903258498317
1261159200,-0.3319657100535033
1261180800,0.4036246025342055
1261202400,-0.36186482135061293
1261224000,-0.3269588299966738
1261245600,-0.32947227797239054
1261267200,0.4036246025342055
1261288800,-0.35237694243203155
1261310400,-0.3603341452418839
1261332000,-0.35394962707561417
1261353600,-0.36836900994033817
1261375200,0.4036246025342055
1261396800,-0.3654309301673707
1261418400,-0.3584256399505955
1261440000,-0.39320077439490286
1261461600,-0.3499336768999348
1261483200,-0.3461788278946164
1261504800,0.4036246025342055
1261526400,-0.35655409748244415
1261548000,-0.3531872039730587
1261569600,-0.35210835797069373
1261591200,-0.3048753703394552
1261612800,1.0
1261634400,0.4036246025342055
1261656000,-0.33947964323768687
1261677600,1.0
1261699200,-0.3672332088892215
1261720800,1.0
1261742400,-0.3664211316147111
1261764000,0.4036246025342055
1261785600,0.4036246025342055
1261807200,-0.3463302959929968
1261828800,-0.3835994172923547
1261850400,-0.35302460725441476
1261872000,-0.36836900994033817
1261893600,0.4036246025342055
1261915200,-0.3703569602262704
1261936800,-0.3721223604245829
1261958400,-0.39782340738024813
1261980000,-0.367421584440065
1262001600,-0.3581397325616237
1262023200,0.4036246025342055
1262044800,-0.39320077439490286
1262066400,-0.35577093095130374
1262088000,-0.36611060234049453
1262109600,-0.3764405266990344
1262131200,-0.36767332441175204
1262152800,-0.3950233794649176
1262174400,-0.36396439614338183
1262196000,-0.367484457979682
1262217600,-0.3584256399505955
1262239200,-0.39157317167691796
1262260800,0.4036246025342055
1262282400,-0.2859870635549072
1262304000,-0.31565481320818733
1262325600,-0.28587887812297286
1262347200,-0.3456254672483883
1262368800,-0.3941077801118832
1262390400,1.0
1262412000,-0.3088380943937804
1262433600,-0.3169136989486282
1262455200,1.0
1262476800,-0.36150943035129457
1262498400,-0.3160972556154644
1262520000,-0.3559940459179064
1262541600,-0.3653078653599302
1262563200,-0.3700335441714475
1262584800,-0.3657392795897473
1262606400,-0.395274601340325
1262628000,-0.3608025454414744
1262649600,-0.3750022512719735
1262671200,-0.20777497305819903
1262692800,0.4036246025342055
1262714400,-0.36824214858049464
1262736000,-0.3584829230743727
1262757600,-0.3712683262115808
1262779200,-0.3558824240435472
1262800800,0.4036246025342055
1262822400,-0.3064677709760718
1262844000,-0.3603341452418839
1262865600,-0.3193287969680002
1262887200,-0.34734619630268027
1262908800,0.4036246025342055
1262930400,-0.27212040202764576
1262952000,-0.33844959191871726
1262973600,1.0
1262995200,0.4036246025342055
1263016800,1.0
1263038400,-0.39173470389502607
1263060000,-0.3950233794649176
1263081600,1.0
1263103200,-0.18429794622999623
1263124800,-0.3953584873065147
1263146400,0.029447577823255133
1263168000,-0.2152353604362015
1263189600,-0.35373117741608673
1263211200,0.4036246025342055
1263232800,-0.3645727495971304
1263254400,-0.30842760190971796
1263276000,-0.31499492472381496
1263297600,-0.3448759550088655
1263319200,0.4036246025342055
1263340800,-0.394939783761623
1263362400,-0.3657392795897473
1263384000,-0.35438801343323734
1263405600,-0.3962013764442328
1263427200,0.4036246025342055
1263448800,-0.34423104699385687
1263470400,-0.3503541796117673
1263492000,-0.3502488822687614
1263513600,-0.35957780414394036
1263535200,-0.36068523237458494
1263556800,0.4036246025342055
1263578400,-0.3946061222234738
1263600000,-0.34816667670594226
1263621600,1.0
1263643200,0.4036246025342055
1263664800,1.0
1263686400,-0.35405903736410016
1263708000,-0.36222152416219167
1263729600,1.0
1263751200,-0.36635894588091644
1263772800,0.4036246025342055
1263794400,-0.36932581604362125
1263816000,-0.35373117741608673
1263837600,-0.3477555657344864
1263859200,-0.3604510326186776
1263880800,-0.3839716697826401
1263902400,0.4036246025342055
1263924000,-0.36798892438847985
1263945600,-0.36512356150181025
1263967200,-0.3672959599479083
1263988800,-0.37479851972712064
1264010400,-0.3594041013524458
1264032000,0.4036246025342055
1264053600,-0.37365208432855535
1264075200,-0.39938559612392965
1264096800,-0.3719904782792659
1264118400,0.4036246025342055
1264140000,-0.3657392795897473
1264161600,-0.3710070577131782
1264183200,-0.387775255076384
1264204800,-0.37061647465408887
1264226400,-0.370292190366619
1264248000,0.4036246025342055
1264269600,-0.35774087799253695
1264291200,-0.3559940459179064
1264312800,-0.3633598484915376
1264334400,1.0
1264356000,-0.32410678324736775
1264377600,-0.3973939105533345
1264399200,1.0
1264420800,-0.39662559410081355
1264442400,-0.3626393484010346
1264464000,-0.39328287858589317
1264485600,-0.3623407182901397
1264507200,-0.3479095274669719
1264528800,-0.3226721513029579
1264550400,0.4036246025342055
1264572000,-0.32737322440089867
1264593600,-0.30904399637575863
1264615200,-0.3481151920872593
1264636800,-0.29673871752461356
1264658400,0.4036246025342055
1264680000,-0.3779706096126163
1264701600,-0.3605680615484903
1264723200,-0.3645727495971304
1264744800,-0.3688781273614803
1264766400,0.4036246025342055
1264788000,-0.36990448020971545
1264809600,-0.3668575558331617
1264831200,-0.2703548760815836
1264852800,0.4036246025342055
1264874400,-0.39109018877908275
1264896000,-0.30600060405184426
1264917600,-0.3535132204542646
1264939200,-0.0245449399393024
1264960800,1.0
1264982400,-0.3947728089866338
1265004000,1.0
1265025600,-0.35638574094686126
1265047200,-0.1829468878851983
1265068800,0.4036246025342055
1265090400,-0.33578548576668366
1265112000,-0.3194817635642172
1265133600,-0.34290521881504554
1265155200,-0.35433310625733816
1265176800,0.4036246025342055
1265198400,-0.3650622049111887
1265220000,-0.3602173990760901
1265241600,-0.3643898411002866
1265263200,-0.29370182684286994
1265284800,-0.3448759550088655
1265306400,-0.3495149960306376
1265328000,-0.3408305635176625
1265349600,-0.39303677498858025
1265371200,0.4036246025342055
1265392800,-0.35928847270929654
1265414400,-0.3671704985515356
1265436000,-0.3679257218832952
1265457600,-0.3666702754896969
1265479200,-0.36068523237458494
1265500800,-0.36767332441175204
1265522400,-0.3695825724270979
1265544000,-0.3839716697826401
1265565600,1.0
1265587200,-0.35859759128952673
1265608800,1.0
1265630400,-0.346482001874989
1265652000,-0.3919775096181948
1265673600,1.0
1265695200,-0.3562736659827398
1265716800,-0.35734366287727404
1265738400,-0.2975283360918093
1265760000,-0.3983413360536078
1265781600,-0.3492542386490495
1265803200,-0.3624003705309119
1265824800,-0.32314799942233063
1265846400,0.4036246025342055
1265868000,-0.3262994730541783
1265889600,-0.36475600494973814
1265911200,-0.36919769321811513
1265932800,-0.3719904782792659
1265954400,1.0
1265976000,-0.3661726284189927
1265997600,1.0
1266019200,-0.3685596147890785
1266040800,-0.3715303029954946
1266062400,1.0
1266084000,-0.37061647465408887
1266105600,-0.3725190902064899
1266127200,0.4036246025342055
1266148800,-0.3645727495971304
1266170400,-0.3939422355283888
1266192000,-0.3660486160478096
1266213600,-0.3648783685330166
1266235200,-0.3653078653599302
1266256800,0.4036246025342055
1266278400,-0.39109018877908275
1266300000,-0.36673266195214904
1266321600,-0.3520011328534711
1266343200,1.0
1266364800,0.4036246025342055
1266386400,1.0
1266408000,-0.333016594468285
1266429600,-0.3929548795370835
1266451200,1.0
1266472800,-0.3511475882309837
1266494400,-0.24123960217247264
1266516000,-0.06264845262821095
1266537600,-0.394939783761623
1266559200,-0.35655409748244415
1266580800,0.4036246025342055
1266602400,-0.29716309486213033
1266624000,-0.3283750817747997
1266645600,-0.3680521682565635
1266667200,-0.3679257218832952
1266688800,-0.3628789187176764
1266710400,-0.38285918673324315
1266732000,-0.3556595663443577
1266753600,-0.2613077902768951
1266775200,-0.36798892438847985
1266796800,0.4036246025342055
1266818400,-0.36127322705134
1266840000,-0.3811778716903087
1266861600,-0.3661726284189927
1266883200,-0.3603341452418839
1266904800,0.4036246025342055
1266926400,-0.39510704754545367
1266948000,-0.3678625606869408
1266969600,-0.3936944491695984
1266991200,0.4036246025342055
1267012800,1.0
1267034400,-0.36246005961680117
1267056000,1.0
1267077600,-0.38464535929870713
1267099200,0.4036246025342055
1267120800,-0.39510704754545367
1267142400,-0.3349734084921737
1267164000,-0.36139125653408277
1267185600,-0.3622811028490248
1267207200,0.4036246025342055
1267228800,-0.36754737245259594
1267250400,-0.30781511419540575
1267272000,-0.3409260778590012
1267293600,1.0
1267315200,0.4036246025342055
1267336800,-0.3434922312623011
1267358400,1.0
1267380000,-0.3337235871194887
1267401600,-0.32394632388799016
1267423200,0.4036246025342055
1267444800,-0.34832129534209955
1267466400,-0.3669826113368415
1267488000,-0.3936944491695984
1267509600,-0.3504068713398897
1267531200,0.4036246025342055
1267552800,-0.34049700480933376
1267574400,-0.39189650657323194
1267596000,-0.3524845855809865
1267617600,-0.3514135119733143
1267639200,1.0
1267660800,-0.39385956946091627
1267682400,1.0
1267704000,-0.3612142663252996
1267725600,-0.3950233794649176
1267747200,1.0
1267768800,-0.34638083816307297
1267790400,-0.33533348949372577
1267812000,-0.3590576296565998
1267833600,-0.3517870388816987
1267855200,-0.39756548028678573
1267876800,-0.3644507721407557
1267898400,-0.3696468682558053
1267920000,-0.39443972248028036
1267941600,-0.3700335441714475
1267963200,-0.33345785837189834
1267984800,-0.36396439614338183
1268006400,0.4036246025342055
1268028000,-0.3185675750170689
1268049600,-0.3835251385592723
1268071200,-0.14224806272344526
1268092800,-0.339880576737435
1268114400,-0.36824214858049464
1268136000,0.4036246025342055
1268157600,-0.37245285536703443
1268179200,-0.3661726284189927
1268200800,-0.36990448020971545
1268222400,-0.359926149226387
1268244000,-0.39125091501485687
1268265600,-0.3623407182901397
1268287200,0.4036246025342055
1268308800,-0.3591152887436222
1268330400,-0.35655409748244415
1268352000,1.0
1268373600,-0.38941850857112725
1268395200,-0.3365131061603235
1268416800,1.0
1268438400,-0.351573418176898
1268460000,1.0
1268481600,-0.3925464400998905
1268503200,-0.3500911510689192
1268524800,-0.3302392393552014
1268546400,-0.3218842412962518
1268568000,-0.2737517379564891
1268589600,-0.25427510066376524
1268611200,0.4036246025342055
1268632800,-0.357456986404752
1268654400,-0.35975181972574444
1268676000,-0.2837402209466747
1268697600,-0.3676103279121399
1268719200,-0.3293874345718726
1268740800,-0.3190235882595559
1268762400,-0.3562736659827398
1268784000,-0.337799775455896
1268805600,-0.35516000771157474
1268827200,0.4036246025342055
1268848800,-0.26541878506049976
1268870400,-0.36275905932000696
1268892000,-0.3603341452418839
1268913600,-0.3813229173115087
1268935200,0.4036246025342055
1268956800,-0.3351532812792981
1268978400,-0.3963708401035876
1269000000,-0.33863605917769635
1269021600,1.0
1269043200,-0.29673871752461356
1269064800,1.0
1269086400,-0.26257379039603645
1269108000,-0.3577977565268349
1269129600,-0.3401171993507185
1269151200,-0.33118497901804145
1269172800,-0.3602173990760901
1269194400,-0.34492574204086945
1269216000,-0.3906096077953477
1269237600,0.4036246025342055
1269259200,-0.3953584873065147
1269280800,-0.3700335441714475
1269302400,1.0
1269324000,-0.3697112068913262
1269345600,1.0
1269367200,-0.35762722125849167
1269388800,-0.3544979214655367
1269410400,1.0
1269432000,-0.3680521682565635
1269453600,0.4036246025342055
1269475200,-0.35734366287727404
1269496800,-0.35796859327194397
1269518400,-0.2931756733090608
1269540000,-0.3496717888616524
1269561600,-0.2503785507045314
1269583200,-0.3902905431159578
1269604800,-0.33066797398471104
1269626400,1.0
1269648000,-0.3947728089866338
1269669600,0.4036246025342055
1269691200,1.0
1269712800,-0.37959657512549094
1269734400,1.0
1269756000,-0.39443972248028036
1269777600,0.4036246025342055
1269799200,-0.395274601340325
1269820800,-0.3584829230743727
1269842400,-0.36293890421121167
1269864000,-0.35975181972574444
1269885600,-0.37325068550852214
1269907200,0.4036246025342055
1269928800,-0.3784625789579833
1269950400,-0.3721883690521375
1269972000,-0.3679257218832952
1269993600,-0.36323939147752093
1270015200,-0.395274601340325
1270036800,-0.3622811028490248
1270058400,-0.3695183193482797
1270080000,-0.37298400958355926
1270101600,-0.3686232333739847
1270123200,-0.35405903736410016
1270144800,-0.38227105786136306
1270166400,-0.3564979460415949
1270188000,-0.37048663032554185
1270209600,-0.3735180993823326
1270231200,-0.3715303029954946
1270252800,0.4036246025342055
1270274400,-0.37439234066196336
1270296000,-0.37479851972712064
1270317600,-0.3741224999924413
1270339200,-0.37325068550852214
1270360800,-0.3719904782792659
1270382400,1.0
1270404000,-0.36512356150181025
1270425600,1.0
1270447200,-0.3684325031272361
1270468800,-0.3972226448869164
1270490400,0.4036246025342055
1270512000,-0.35831117546936264
1270533600,-0.39173470389502607
1270555200,-0.357456986404752
1270576800,-0.3686868938683703
1270598400,-0.3713337538559097
1270620000,0.4036246025342055
1270641600,-0.3758214999254954
1270663200,-0.3685596147890785
1270684800,-0.35865497646163014
1270706400,0.4036246025342055
1270728000,-0.2871851661336927
1270749600,-0.39246495895932754
1270771200,-0.33266502836163236
1270792800,-0.33743040423894255
1270814400,0.4036246025342055
1270836000,-0.3819052866942424
1270857600,-0.04340473287451618
1270879200,-0.25624413021360937
1270900800,-0.387542769093405
1270922400,-0.2029121701273482
1270944000,-0.3287113557182383
1270965600,-0.3465832716007694
1270987200,-0.24845094379306032
1271008800,0.4036246025342055
1271030400,1.0
1271052000,-0.3686868938683703
1271073600,1.0
1271095200,-0.3594619675978771
1271116800,0.4036246025342055
1271138400,0.4036246025342055
1271160000,-0.34899418298354534
1271181600,-0.3686868938683703
1271203200,-0.36635894588091644
1271224800,0.4036246025342055
1271246400,-0.36648335739083604
1271268000,-0.33724624672350145
1271289600,-0.37061647465408887
1271311200,-0.3819052866942424
1271332800,0.4036246025342055
1271354400,-0.34739727274519205
1271376000,-0.3669826113368415
1271397600,-0.3685596147890785
1271419200,-0.36481716737392067
1271440800,-0.36635894588091644
1271462400,-0.34557531850466683
1271484000,-0.2859870635549072
1271505600,-0.2807721602027714
1271527200,-0.27592181328333054
1271548800,-0.3381705639279923
1271570400,-0.35120071447035484
1271592000,1.0
1271613600,-0.34577606981442643
1271635200,1.0
1271656800,-0.3332811109481735
1271678400,0.4036246025342055
1271700000,-0.3796678936726262
1271721600,-0.3752064132359024
1271743200,-0.36629680013794974
1271764800,-0.3608025454414744
1271786400,-0.39320077439490286
1271808000,-0.36512356150181025
1271829600,-0.3686232333739847
1271851200,-0.3617462124041706
1271872800,-0.3610964526843954
1271894400,-0.3936944491695984
1271916000,0.4036246025342055
1271937600,-0.3649396084761196
1271959200,-0.3645727495971304
1271980800,-0.36372212305632856
1272002400,-0.3836737531629295
1272024000,-0.3684325031272361
1272045600,-0.36323939147752093
1272067200,-0.3673587517805156
1272088800,-0.3638431836759598
1272110400,-0.33966811063429847
1272132000,-0.3686868938683703
1272153600,-0.3734511765077866
1272175200,-0.3745952167903228
1272196800,-0.3708115688528867
1272218400,-0.36475600494973814
1272240000,-0.3714647421877002
1272261600,1.0
1272283200,-0.3654309301673707
1272304800,-0.3705515306818985
1272326400,1.0
1272348000,1.0
1272369600,0.4036246025342055
1272391200,-0.35405903736410016
1272412800,-0.3598098946235153
1272434400,-0.3690697400355919
1272456000,-0.36115534155092344
1272477600,-0.3538949683484882
1272499200,0.4036246025342055
1272520800,-0.3637826344089523
1272542400,-0.39510704754545367
1272564000,-0.3690697400355919
1272585600,-0.36586289537504946
1272607200,0.4036246025342055
1272628800,-0.3678625606869408
1272650400,-0.3390100765850069
1272672000,-0.3642680941525521
1272693600,-0.31028870716934
1272715200,0.4036246025342055
1272736800,-0.3509883845261417
1272758400,0.07698733214877246
1272780000,0.045233934849599144
1272801600,-0.2030038557385735
1272823200,0.4036246025342055
1272844800,-0.34310049370237117
1272866400,-0.3564418272090176
1272888000,-0.3865417432893068
1272909600,1.0
1272931200,0.4036246025342055
1272952800,1.0
1272974400,-0.36704519982800776
1272996000,-0.3910099257952473
1273017600,1.0
1273039200,-0.34821818876845345
1273060800,-0.3385427805729805
1273082400,-0.3880083017174205
1273104000,-0.3444785794729034
1273125600,-0.33214006576518085
1273147200,-0.38205142906913825
1273168800,-0.3465832716007694
1273190400,-0.33118497901804145
1273212000,-0.3505651191268613
1273233600,1.0
1273255200,-0.29613567889387504
1273276800,-0.36919769321811513
1273298400,1.0
1273320000,0.4036246025342055
1273341600,0.4036246025342055
1273363200,-0.35582666141823605
1273384800,-0.3721883690521375
1273406400,-0.3642680941525521
1273428000,-0.3953584873065147
1273449600,0.4036246025342055
1273471200,-0.36257954850619156
1273492800,-0.36500088725241686
1273514400,1.0
1273536000,-0.3612142663252996
1273557600,-0.3524845855809865
1273579200,1.0
1273600800,-0.39662559410081355
1273622400,1.0
1273644000,0.4036246025342055
1273665600,-0.39705168221166276
1273687200,-0.3719904782792659
1273708800,-0.36654562326089124
1273730400,-0.39973620558601375
1273752000,0.4036246025342055
1273773600,-0.36204300817488233
1273795200,-0.3645117416235243
1273816800,-0.3697755883906977
1273838400,-0.3958633380515031
1273860000,-0.36900582692017836
1273881600,-0.35831117546936264
1273903200,-0.39435662993261367
1273924800,-0.3680521682565635
1273946400,-0.3683055584429944
1273968000,-0.3719904782792659
1273989600,0.4036246025342055
1274011200,-0.367484457979682
1274032800,-0.39246495895932754
1274054400,-0.37418988955373744
1274076000,-0.3712683262115808
1274097600,-0.3695183193482797
1274119200,0.4036246025342055
1274140800,-0.3520547305403594
1274162400,-0.3730506096047911
1274184000,-0.37425732614194684
1274205600,-0.3690697400355919
1274227200,1.0
1274248800,-0.36629680013794974
1274270400,-0.3838971044803432
1274292000,1.0
1274313600,-0.3626393484010346
1274335200,1.0
1274356800,-0.3671078288820355
1274378400,-0.39713712574241267
1274400000,0.4036246025342055
1274421600,-0.35865497646163014
1274443200,-0.3504068713398897
1274464800,-0.341838203812324
1274486400,-0.394939783761623
1274508000,0.4036246025342055
1274529600,-0.3471421600653991
1274551200,-0.34602759683561046
1274572800,-0.3363306868008554
1274594400,-0.3767861516274831
1274616000,-0.33929154268782113
1274637600,0.4036246025342055
1274659200,-0.35307877576871594
1274680800,-0.3656158217294777
1274702400,-0.3509883845261417
1274724000,-0.36629680013794974
1274745600,-0.3779706096126163
1274767200,-0.3554927596971026
1274788800,-0.34021201086382535
1274810400,-0.3664211316147111
1274832000,0.4036246025342055
1274853600,-0.3680521682565635
1274875200,-0.3936119947047131
1274896800,-0.36635894588091644
1274918400,-0.3031147353179281
1274940000,1.0
1274961600,-0.3874653978907272
1274983200,1.0
1275004800,-0.39230220249646364
1275026400,-0.08111251603373404
1275048000,0.4036246025342055
1275069600,-0.3622811028490248
1275091200,-0.36068523237458494
1275112800,-0.3218058024713427
1275134400,-0.3687505963274881
1275156000,-0.36938994121318236
1275177600,-0.32955719592775146
1275199200,-0.34477645782943755
1275220800,1.0
1275242400,0.4036246025342055
1275264000,1.0
1275285600,-0.319711668415674
1275307200,-0.3946061222234738
1275328800,-0.33929154268782113
1275350400,0.4036246025342055
1275372000,-0.19559038486432156
1275393600,-0.3355140343888058
1275415200,-0.31758686702896255
1275436800,0.4036246025342055
1275458400,-0.33479386988598847
1275480000,-0.3484761617646388
1275501600,1.0
1275523200,-0.34826972830406566
1275544800,-0.3925464400998905
1275566400,1.0
1275588000,-0.32102489618570573
1275609600,1.0
1275631200,-0.3935296105334981
1275652800,-0.3591729822539823
1275674400,0.4036246025342055
1275696000,-0.36342013335124834
1275717600,-0.3503541796117673
1275739200,-0.3402594515260361
1275760800,-0.34577606981442643
1275782400,-0.3933650525933806
1275804000,-0.34785817962996013
1275825600,-0.35313297466356464
1275847200,-0.3690697400355919
1275868800,-0.394689429665687
1275890400,0.4036246025342055
1275912000,-0.36592476261594764
1275933600,-0.3963708401035876
1275955200,-0.367484457979682
1275976800,-0.395274601340325
1275998400,0.4036246025342055
1276020000,-0.36317921922963514
1276041600,-0.36635894588091644
1276063200,-0.36317921922963514
1276084800,-0.3592307102288067
1276106400,-0.3700981408496431
1276128000,-0.36408576084000255
1276149600,-0.3716615581966338
1276171200,-0.34310049370237117
1276192800,-0.35286228365468786
1276214400,-0.3699689906440087
1276236000,1.0
1276257600,0.4036246025342055
1276279200,1.0
1276300800,-0.3672959599479083
1276322400,-0.3839716697826401
1276344000,1.0
1276365600,-0.3850216706269709
1276387200,0.4036246025342055
1276408800,-0.37022746388932803
1276430400,-0.36798892438847985
1276452000,-0.3704217735264749
1276473600,-0.3710070577131782
1276495200,-0.3715959083116479
1276516800,-0.374662936924126
1276538400,-0.36592476261594764
1276560000,-0.3568353451401667
1276581600,0.4036246025342055
1276603200,-0.3601007937805153
1276624800,-0.3534044260414425
1276646400,-0.3947728089866338
1276668000,-0.351894026578187
1276689600,-0.3489422557243793
1276711200,-0.39270960877855876
1276732800,-0.3493063338670134
1276754400,-0.3581968464090204
1276776000,-0.3591729822539823
1276797600,-0.3606266292029996
1276819200,0.4036246025342055
1276840800,-0.3696468682558053
1276862400,-0.3925464400998905
1276884000,1.0
1276905600,-0.3545529223930216
1276927200,-0.326217368863188
1276948800,1.0
1276970400,-0.39662559410081355
1276992000,1.0
1277013600,-0.39385956946091627
1277035200,0.4036246025342055
1277056800,-0.2708163699241811
1277078400,-0.39510704754545367
1277100000,-0.3549940604006476
1277121600,-0.34393484254131623
1277143200,-0.34832129534209955
1277164800,-0.3839716697826401
1277186400,-0.3708115688528867
1277208000,0.4036246025342055
1277229600,-0.3544979214655367
1277251200,-0.32298912289335513
1277272800,-0.3721223604245829
1277294400,1.0
1277316000,0.4036246025342055
1277337600,0.4036246025342055
1277359200,-0.0307605032856324
1277380800,-0.3592307102288067
1277402400,-0.006392054425269134
1277424000,0.4036246025342055
1277445600,-0.21803432179004112
1277467200,0.06447002895134693
1277488800,-0.27480657640985695
1277510400,1.0
1277532000,-0.3963708401035876
1277553600,-0.3654309301673707
1277575200,1.0
1277596800,-0.36432894845367036
1277618400,1.0
1277640000,-0.3310123364942634
1277661600,-0.3332811109481735
1277683200,-0.35774087799253695
1277704800,-0.3946061222234738
1277726400,-0.3497764589254815
1277748000,-0.3192524043735222
1277769600,-0.3786741920943293
1277791200,-0.3982548216100653
1277812800,-0.3782514281959378
1277834400,0.4036246025342055
1277856000,-0.3538949683484882
1277877600,-0.34678612998433056
1277899200,-0.34638083816307297
1277920800,-0.39519078812866815
1277942400,-0.35577093095130374
1277964000,0.4036246025342055
1277985600,-0.28702091120409257
1278007200,-0.35356766362583547
1278028800,-0.39125091501485687
1278050400,-0.29881766218480643
1278072000,-0.34796090260214396
1278093600,-0.351894026578187
1278115200,-0.35307877576871594
1278136800,-0.3474483761979864
1278158400,1.0
1278180000,-0.38623580990523687
1278201600,0.4036246025342055
1278223200,1.0
1278244800,-0.37192460463869015
1278266400,1.0
1278288000,-0.3684960380585075
1278309600,-0.3433451435216025
1278331200,-0.35243074901860105
1278352800,-0.3715303029954946
1278374400,-0.37325068550852214
1278396000,-0.38547518711197093
1278417600,-0.3713992258279145
1278439200,-0.36767332441175204
1278460800,0.4036246025342055
1278482400,-0.3662346943344098
1278504000,-0.3612142663252996
1278525600,-0.3936119947047131
1278547200,-0.3544979214655367
1278568800,-0.3522157021938752
1278590400,-0.359926149226387
1278612000,-0.35723047208602277
1278633600,-0.3953584873065147
1278655200,-0.3653078653599302
1278676800,-0.3653078653599302
1278698400,0.4036246025342055
1278720000,-0.3972226448869164
1278741600,-0.3683055584429944
1278763200,-0.3594041013524458
1278784800,-0.35951986851451756
1278806400,-0.3927912965492577
1278828000,-0.3554927596971026
1278849600,0.4036246025342055
1278871200,-0.34868303714893256
1278892800,-0.33929154268782113
1278914400,-0.34002248076731334
1278936000,1.0
1278957600,-0.37832176053309063
1278979200,1.0
1279000800,-0.39552647800850205
1279022400,-0.3571739263693815
1279044000,0.4036246025342055
1279065600,-0.33407903258498317
1279087200,-0.35527079778043935
1279108800,-0.2588244854858277
1279130400,-0.3919775096181948
1279152000,-0.3218058024713427
1279173600,-0.3381705639279923
1279195200,-0.30560196494279324
1279216800,-0.3351532812792981
1279238400,-0.3462797802432933
1279260000,-0.36635894588091644
1279281600,-0.36836900994033817
1279303200,-0.36654562326089124
1279324800,0.4036246025342055
1279346400,-0.36824214858049464
1279368000,-0.2796505407566251
1279389600,-0.3337235871194887
1279411200,-0.357456986404752
1279432800,0.4036246025342055
1279454400,-0.36673266195214904
1279476000,-0.3520547305403594
1279497600,0.031218970889513087
1279519200,1.0
1279540800,-0.3666079292765779
1279562400,-0.3805998564972446
1279584000,1.0
1279605600,0.4036246025342055
1279627200,-0.3529704690866222
1279648800,-0.4
1279670400,-0.3303248342474072
1279692000,-0.3935296105334981
1279713600,-0.32426750948314187
1279735200,-0.3434922312623011
1279756800,-0.330068276679948
1279778400,-0.3507236264783897
1279800000,-0.3672959599479083
1279821600,0.4036246025342055
1279843200,-0.3628189704359881
1279864800,-0.2895145405098799
1279886400,-0.3016398278422697
1279908000,-0.34557531850466683
1279929600,-0.32613533437016107
1279951200,0.4036246025342055
1279972800,-0.36704519982800776
1279994400,-0.36222152416219167
1280016000,-0.33844959191871726
1280037600,-0.36027575452893956
1280059200,0.4036246025342055
1280080800,-0.39427360877030615
1280102400,-0.3566664983406903
1280124000,-0.3567227478341193
1280145600,1.0
1280167200,-0.39645568350410554
1280188800,-0.3598098946235153
1280210400,1.0
1280232000,-0.36139125653408277
1280253600,1.0
1280275200,-0.36654562326089124
1280296800,-0.3843453617679612
1280318400,0.4036246025342055
1280340000,-0.367421584440065
1280361600,-0.37371914652901383
1280383200,-0.35723047208602277
1280404800,-0.3584256399505955
1280426400,-0.34961949631330813
1280448000,0.4036246025342055
1280469600,-0.3361486111426919
1280491200,-0.36648335739083604
1280512800,-0.3684960380585075
1280534400,1.0
1280556000,0.4036246025342055
1280577600,0.4036246025342055
1280599200,-0.36926173339738544
1280620800,-0.3960322094391381
1280642400,-0.37120294283494415
1280664000,-0.3718587758711702
1280685600,-0.36580106771652143
1280707200,0.4036246025342055
1280728800,-0.3542233854087845
1280750400,-0.39552647800850205
1280772000,-0.3303248342474072
1280793600,-0.3536221374869073
1280815200,0.4036246025342055
1280836800,-0.36836900994033817
1280858400,-0.3676103279121399
1280880000,-0.36836900994033817
1280901600,-0.35378574355360803
1280923200,1.0
1280944800,-0.3927912965492577
1280966400,0.4036246025342055
1280988000,1.0
1281009600,-0.3726516962334484
1281031200,1.0
1281052800,0.4036246025342055
1281074400,-0.3164675113441986
1281096000,-0.30626727997680714
1281117600,-0.3356949172249254
1281139200,-0.3412611234590468
1281160800,0.4036246025342055
1281182400,-0.2770994257475312
1281204000,-0.37016278073632225
1281225600,-0.3694541089625403
1281247200,-0.35859759128952673
1281268800,1.0
1281290400,0.4036246025342055
1281312000,-0.35378574355360803
1281333600,-0.3308400018485331
1281355200,0.4036246025342055
1281376800,-0.37418988955373744
1281398400,-0.3713337538559097
1281420000,-0.3688781273614803
1281441600,-0.3568353451401667
1281463200,0.4036246025342055
1281484800,-0.3921397196889834
1281506400,-0.32243510303941225
1281528000,-0.26122397706523837
1281549600,1.0
1281571200,-0.33623960609007675
1281592800,-0.3895764761207816
1281614400,1.0
1281636000,0.0004812373929740099
1281657600,-0.36894195604740887
1281679200,-0.36555415189523255
1281700800,-0.3642680941525521
1281722400,0.041974283963902626
1281744000,-0.2598927583974865
1281765600,0.4036246025342055
1281787200,-0.392873053429754
1281808800,-0.12315656665222297
1281830400,-0.3204819923590122
1281852000,-0.3962013764442328
1281873600,0.4036246025342055
1281895200,-0.341838203812324
1281916800,-0.34868303714893256
1281938400,-0.35275421920173544
1281960000,-0.39303677498858025
1281981600,-0.34527497132588647
1282003200,-0.363058987018813
1282024800,-0.33752261476786904
1282046400,-0.35045959181418274
1282068000,-0.33929154268782113
1282089600,-0.3939422355283888
1282111200,-0.34868303714893256
1282132800,-0.3567227478341193
1282154400,-0.36257954850619156
1282176000,-0.36133222377294194
1282197600,-0.37022746388932803
1282219200,1.0
1282240800,-0.3678625606869408
1282262400,-0.3958633380515031
1282284000,1.0
1282305600,-0.3666702754896969
1282327200,-0.37016278073632225
1282348800,-0.39005193403921934
1282370400,0.4036246025342055
1282392000,-0.38168648669062255
1282413600,-0.34198301396976516
1282435200,-0.36919769321811513
1282456800,-0.3708766878762284
1282478400,-0.3714647421877002
1282500000,0.4036246025342055
1282521600,-0.354113788995583
1282543200,-0.35104142329091026
1282564800,1.0
1282586400,-0.37048663032554185
1282608000,1.0
1282629600,-0.37232052172501595
1282651200,-0.36881434080670084
1282672800,-0.3522157021938752
1282694400,-0.3622811028490248
1282716000,-0.3572870509090573
1282737600,-0.3456254672483883
1282759200,-0.39311873990187596
1282780800,-0.34612839124055794
1282802400,-0.3445281621456089
1282824000,-0.35356766362583547
1282845600,0.4036246025342055
1282867200,-0.36323939147752093
1282888800,-0.3962860711271148
1282910400,-0.3621619821843485
1282932000,1.0
1282953600,-0.370292190366619
1282975200,1.0
1282996800,-0.36990448020971545
1283018400,-0.3947728089866338
1283040000,1.0
1283061600,-0.39328287858589317
1283083200,-0.3217274272626812
1283104800,-0.3581397325616237
1283126400,-0.35045959181418274
1283148000,-0.3684325031272361
1283169600,-0.3703569602262704
1283191200,0.4036246025342055
1283212800,-0.3584256399505955
1283234400,-0.3668575558331617
1283256000,-0.3802403448215068
1283277600,-0.3700335441714475
1283299200,-0.36518495707374976
1283320800,-0.311549659663516
1283342400,-0.36919769321811513
1283364000,-0.37172725271104856
1283385600,-0.3713992258279145
1283407200,0.4036246025342055
1283428800,-0.3667950887159366
1283450400,-0.3213365018631381
1283472000,-0.22813566580685696
1283493600,0.4036246025342055
1283515200,-0.3622811028490248
1283536800,-0.3654309301673707
1283558400,-0.35438801343323734
1283580000,-0.3653078653599302
1283601600,1.0
1283623200,-0.3413570645212658
1283644800,-0.3925464400998905
1283666400,1.0
